Source,RA_ICRS,DE_ICRS,pmRA,pmDE,Gmag,BPmag,RPmag
6083729472978186752,201.91809737027,-46.9959250849,-3.386,-6.745,17.842554,18.179472,17.382835
6083729472978186880,201.92472052446,-46.98990404635,-3.603,-6.652,18.206736,18.589447,17.726799
6083729610417139968,201.87806505233,-47.00214812186,-3.652,-6.782,17.632948,17.956964,17.139969
6083729606089758336,201.85870166095,-47.00249201117,-3.735,-6.456,19.537432,20.02397,19.00417
6083729606089768832,201.8725020933,-46.99893516728,-3.062,-7.121,19.096382,19.497204,18.656404
6083729747856094208,201.90545274203,-46.97026283773,-3.351,-7.027,18.29437,18.62597,17.826828
6083773449115922304,201.53036331672,-46.99419192028,-3.025,-6.518,19.08724,19.566286,18.550297
6083773625208555648,201.50590953519,-46.99499997137,-2.999,-7.149,20.6607,21.391716,20.17041
6083773659602705408,201.51264402821,-46.98982292419,-2.703,-6.589,18.59158,18.91968,18.12339
6083773655274380416,201.52183784094,-46.98512372862,-3.484,-6.843,17.602465,17.944427,17.100018
6083773659602706304,201.52023457138,-46.98680589468,-2.711,-6.939,16.677435,17.119219,16.066902
6083773689634103296,201.50498121243,-46.98979197744,-3.406,-7.141,18.96175,19.392462,18.457378
6083773728322182912,201.51170204295,-46.98735464069,-3.035,-6.954,14.206995,14.737412,13.51069
6083775613779387392,201.70380979114,-47.01336882184,-3.337,-7.339,18.863272,19.2127,18.410233
6083775648139165312,201.7289878451,-47.00237884513,-3.229,-6.804,19.574606,20.16816,19.057878
6083775682498843776,201.66551621163,-47.01933282671,-3.484,-6.644,18.047264,18.36879,17.584698
6083775716858593024,201.68312986177,-47.01583816858,-3.07,-6.795,19.161554,19.59034,18.680088
6083775785578090112,201.67470922912,-47.00939656779,-3.318,-6.412,19.833134,20.232922,19.160843
6083775716858619264,201.682263935,-47.007449373,-3.048,-6.199,20.220299,20.800886,19.69617
6083775751218320768,201.65475665245,-47.01885749625,-3.533,-6.442,19.847115,20.09384,19.384382
6083775751218331008,201.65142471673,-47.01526939275,-3.247,-7.157,19.893078,20.496052,19.501328
6083775789906705408,201.68105862787,-47.004511926,-3.548,-6.675,17.915836,18.242226,17.439484
6083775785578119552,201.67589977282,-47.00135516497,-2.711,-6.856,19.786018,20.258326,19.232302
6083775819937835776,201.69704013812,-47.00760095164,-3.065,-6.474,19.88032,20.323559,19.317316
6083775854297622144,201.71494166471,-46.99505684456,-3.421,-6.857,18.738354,19.148266,18.246416
6083775858592656000,201.71210338165,-46.99636610915,-3.484,-6.924,18.737572,19.14906,18.210367
6083775854297623808,201.70732434143,-46.99221471534,-3.527,-6.422,19.465178,19.561226,18.657057
6083775858593001984,201.71201882416,-46.98522418568,-3.587,-7.209,20.041935,,
6083775858626188928,201.72559765006,-46.9825130782,-3.096,-6.548,18.193748,18.490532,17.69008
6083775888657348480,201.68520188579,-46.99661769386,-2.978,-6.726,19.590027,19.996212,19.068222
6083775888657364096,201.69605841915,-46.99153742421,-3.131,-6.803,18.7056,19.09178,18.24152
6083775892985925120,201.69757686445,-46.98504704069,-3.254,-6.42,17.334845,17.697256,16.81295
6083775927345676928,201.70645769759,-46.9866888408,-3.377,-6.875,17.846155,18.073828,17.12833
6083775923017153280,201.71966823784,-46.97463404347,-2.909,-6.86,17.864666,18.161436,17.38473
6083775927312147840,201.71884473108,-46.97259230756,-2.95,-6.616,20.34054,20.64599,19.747551
6083776202188750592,201.8174749717,-47.00751680076,-3.222,-6.5,18.895592,,
6083776202188752512,201.82442211508,-47.00285331555,-2.874,-6.719,19.248898,19.572939,18.714703
6083776202223406336,201.82850890118,-46.99870886105,-3.671,-6.897,17.283142,17.694902,16.708124
6083776270942881664,201.78039130117,-47.01238186024,-3.124,-6.699,17.551598,17.874517,17.055052
6083776266614412160,201.76836659134,-47.0159693427,-3.37,-7.117,18.325256,18.631222,17.849993
6083776300974144384,201.75741570436,-47.01714226786,-2.888,-6.701,19.440899,19.678892,18.829266
6083776300974162432,201.76384456103,-47.01215048266,-3.462,-7.189,19.456856,19.829115,18.935919
6083776305269261952,201.74711119659,-47.01524530471,-3.102,-6.736,18.679262,18.88106,18.053158
6083776300974166912,201.74797840092,-47.01027603361,-3.408,-6.382,18.699903,19.107212,18.234642
6083776369693658240,201.78827028263,-47.00680936858,-3.079,-6.678,19.754265,20.235727,19.193811
6083776369693677824,201.79683081486,-47.00115082923,-3.591,-6.829,20.317413,20.871273,19.583529
6083776369703896576,201.79679322594,-46.9984584929,-3.31,-6.938,20.454,21.258738,20.109552
6083776408381836416,201.80967613793,-47.00061686465,-3.625,-6.683,19.691286,20.069004,19.154148
6083776477066667392,201.81816169125,-46.9749156307,-3.111,-6.754,18.857853,19.035887,18.328358
6083776472772949504,201.80006008666,-46.98182625454,-2.94,-6.477,19.665346,20.1551,19.131275
6083776472772963072,201.79745853055,-46.97743485725,-3.323,-7.02,18.288761,18.611816,17.808655
6083776507132603904,201.84187300969,-47.01007494003,-2.893,-6.493,18.596117,18.989305,18.121876
6083776507132606336,201.83827398974,-47.00893835638,-3.676,-6.533,19.485884,19.94336,18.9612
6083776541492406656,201.87158540317,-46.98973138862,-3.089,-7.053,18.783653,19.132744,18.279854
6083776580145879040,201.83590955477,-46.9846413517,-3.627,-6.418,20.040552,20.574814,19.516602
6083776648865359360,201.88745350085,-46.97480005655,-3.455,-6.508,19.57741,19.925539,19.088638
6083776683225106304,201.90812503357,-46.96170034108,-3.672,-6.876,18.720818,19.064264,18.220991
6083776678931438592,201.89938069382,-46.9622587887,-3.042,-6.852,18.83893,19.19563,18.38672
6083776683259749504,201.89166314331,-46.9660467406,-2.979,-7.116,19.691196,19.960644,19.11388
6083776678931443712,201.90084507812,-46.96075381587,-3.602,-6.591,18.08009,18.505877,17.505482
6083776717619487104,201.87617266038,-46.96877792038,-3.625,-6.509,18.333088,17.748112,16.932722
6083776747650946816,201.90108519018,-46.94925613435,-3.18,-6.951,20.095268,20.613537,19.70452
6083776751945929600,201.89860015788,-46.94980196333,-3.199,-6.706,19.966362,20.422747,19.291264
6083776786338963328,201.83316899407,-46.96968949647,-3.542,-6.923,18.859999,19.238274,18.36525
6083776820698702848,201.84960690504,-46.96725877704,-3.216,-6.634,13.560018,14.106657,12.853828
6083776820698703232,201.85388538957,-46.9645514903,-3.087,-6.714,15.140124,15.648811,14.468868
6083776820698703616,201.85521803381,-46.96142623064,-3.098,-6.926,18.40368,18.729073,17.950663
6083776850730093824,201.82081380373,-46.97400512674,-3.52,-6.951,19.2134,19.590284,18.700752
6083776850730141056,201.83454938673,-46.95746258479,-3.48,-6.21,19.913708,20.177717,18.985874
6083776885089877888,201.84970752289,-46.95824713225,-3.671,-6.968,19.85858,20.187649,19.368965
6083776919449629824,201.87897349599,-46.95346130511,-3.178,-6.43,19.705454,20.113472,19.156303
6083776958103020928,201.89620734626,-46.93797964935,-2.949,-7.141,18.863878,19.212927,18.327309
6083776958137661056,201.88891327974,-46.93652481562,-3.519,-6.901,18.948868,,
6083777091248200448,201.76799980262,-46.99457815653,-3.721,-7.015,20.001595,20.29242,19.539225
6083777091248211328,201.76897704538,-46.99130047168,-3.289,-6.946,19.22862,19.573126,18.757607
6083777095576606080,201.774412066,-46.98353766487,-3.179,-6.702,16.995935,17.456017,16.388062
6083777125607947648,201.74711222413,-46.99291952437,-2.755,-6.605,19.635605,19.98911,19.102568
6083777125607947776,201.74523788826,-46.9930275327,-3.729,-6.992,19.318472,19.666046,18.73808
6083777228687259776,201.80184026234,-46.95825954876,-2.755,-6.936,18.71297,19.028868,18.241318
6083777263046970752,201.77674202171,-46.96792761967,-2.766,-6.674,16.861702,17.02647,16.576086
6083777297406726016,201.79465202697,-46.96154515812,-3.762,-7.009,19.656607,20.030754,19.039022
6083777297406748416,201.79349449833,-46.95337329919,-3.229,-6.535,19.398443,19.848452,18.923752
6083777370454678656,201.74589733418,-46.97317344765,-3.001,-6.989,17.58836,17.915545,17.08205
6083777400485923456,201.7386729614,-46.96693406317,-3.326,-6.215,19.35616,19.70764,18.807093
6083777404780902016,201.72063482834,-46.96904833484,-3.348,-7.187,19.877369,20.033537,19.126043
6083777404780905984,201.7275285475,-46.96607695945,-3.328,-7.292,20.061426,20.509806,19.59011
6083777434845698944,201.73985727793,-46.95364509409,-2.687,-6.772,19.751534,20.194983,19.16553
6083777503565196416,201.79046465919,-46.94575538397,-2.966,-6.52,18.725388,19.02683,18.280731
6083777503565224576,201.80059189503,-46.93499191438,-3.207,-6.469,19.520836,19.887669,19.016958
6083777537924960896,201.76326092687,-46.93525591948,-3.26,-7.253,18.204184,18.5226,17.71201
6083777572284710784,201.78078898615,-46.92993760642,-3.662,-7.032,18.546026,18.851856,18.03035
6083777675363900672,201.81848317456,-46.9410619041,-3.704,-7.095,19.559616,19.950575,18.975285
6083777714018593920,201.83307898264,-46.92923806653,-3.267,-6.913,20.623955,20.9311,19.60712
6083777714017268992,201.84250343301,-46.92875938732,-3.253,-7.169,19.383348,,
6083777714051905920,201.84190509633,-46.92869387248,-3.487,-6.566,18.134956,18.319427,17.545994
6083777778451493760,201.88151558206,-46.90802319226,-3.204,-6.283,19.602673,19.901566,19.096844
6083777851490862848,201.86854771506,-46.89772245164,-2.965,-6.867,17.552994,17.9148,17.00049
6083777885850596224,201.80721099711,-46.93733640353,-2.923,-6.422,20.271051,20.852917,19.732676
6083777885850597376,201.81385971595,-46.93051839742,-3.615,-7.161,19.918064,20.353209,19.360502
6083777885815960064,201.81272713719,-46.92977519563,-3.459,-6.343,19.998173,20.459488,19.41343
6083777954570076032,201.80851655145,-46.91361781919,-3.157,-6.937,18.106468,18.433712,17.62246
6083777954570076416,201.80316289314,-46.90976793839,-2.795,-6.751,15.743447,16.18358,15.116145
6083777984601629952,201.81454270791,-46.9040381717,-3.039,-6.386,19.090813,19.491306,18.551922
6083778053321141376,201.86381439935,-46.88868666342,-3.729,-6.53,18.960642,19.324102,18.45287
6083778122040619648,201.85459091261,-46.88825702084,-3.608,-6.892,17.07525,17.487892,16.492666
6083778122040621056,201.85809076221,-46.8872781293,-3.381,-6.416,19.30704,19.696236,18.7038
6083778328198700800,201.62631987532,-47.01730002344,-2.866,-6.879,19.5347,19.901989,19.090628
6083778328198712576,201.63983819754,-47.01394287222,-2.775,-6.797,19.691065,20.148733,19.137081
6083778328198718592,201.63608163214,-47.01193441784,-3.545,-7.019,19.403336,19.871399,18.88697
6083778396918215808,201.63130386573,-47.00583275628,-3.409,-7.246,18.279713,18.59103,17.803812
6083778396918206208,201.62268407185,-47.0084118352,-3.429,-6.579,19.359364,19.805473,18.817715
6083778396918245376,201.6238801169,-46.99708362134,-2.735,-6.906,18.269403,18.564184,17.74887
6083778469932676224,201.57653693319,-47.01069693095,-3.289,-7.034,19.363623,19.685583,18.770678
6083778534357154304,201.57298884114,-47.00947568789,-2.923,-6.361,18.523365,18.832336,18.007566
6083778538652160000,201.57626334942,-47.00307025091,-3.015,-6.786,18.837925,19.05123,18.257744
6083778534357178112,201.58435833557,-47.00233359317,-2.859,-6.931,19.159811,19.495522,18.662455
6083778568716941568,201.60584986577,-46.99835470785,-3.487,-6.751,18.152308,18.392977,17.617096
6083778573011916672,201.60249119861,-47.00041738244,-3.187,-6.89,19.319855,19.36694,18.318035
6083778607405246976,201.61771484634,-46.98432090969,-3.139,-6.963,15.55005,16.010153,14.908926
6083778671796228480,201.62067045667,-46.97242156217,-3.506,-7.115,17.599567,17.949942,17.090483
6083778706155886464,201.65327455042,-46.99896561752,-3.539,-6.987,19.15687,19.582275,18.657686
6083778740515638656,201.66174589291,-46.99408221003,-3.138,-6.351,18.796217,19.090866,18.349274
6083778740515654272,201.6595044714,-46.98876943508,-2.825,-7.113,19.484844,19.948606,19.003971
6083778809235163776,201.67110385263,-46.97904268281,-3.115,-6.68,19.28717,19.642134,18.82231
6083778813530146560,201.6674108028,-46.9708927975,-3.256,-6.419,20.599731,21.423183,19.668543
6083778843594907904,201.6978248859,-46.97705263317,-3.075,-6.509,20.113823,20.716223,19.530859
6083778847889891712,201.6887378778,-46.97974453323,-3.489,-6.587,18.069557,18.413662,17.529976
6083778847889897600,201.69107685856,-46.97245875629,-3.281,-6.501,18.602575,18.92906,18.083548
6083778985328811392,201.6326597954,-46.98254136476,-3.597,-6.537,19.869623,,
6083778985364048000,201.64514514256,-46.96985529929,-3.528,-7.035,19.82782,20.220936,19.289875
6083779019688570624,201.65612073546,-46.9708126008,-2.946,-6.34,20.390667,20.690506,19.7348
6083779015393616640,201.65534547963,-46.96960281924,-2.968,-6.616,19.516212,19.836172,18.936296
6083779049753356672,201.63064488961,-46.97008610647,-2.904,-6.61,19.304052,,
6083779084113126784,201.65530166413,-46.95699149986,-3.68,-7.053,20.041475,20.415068,19.488436
6083779118472865024,201.67114022922,-46.95735129806,-3.539,-6.485,19.054258,19.41843,18.605398
6083779118472896512,201.67967768021,-46.94480961279,-3.611,-6.421,18.579926,18.9281,18.10726
6083779157161073408,201.69562758884,-46.94532877441,-3.065,-6.76,19.521236,20.017813,19.021946
6083779255911674240,201.55625618355,-47.00455053057,-3.435,-7.243,20.154528,20.817154,19.58828
6083779255911690496,201.56302439586,-47.00147274296,-2.819,-6.568,17.697538,18.038166,17.183252
6083779255911697792,201.55783829251,-46.9979796206,-3.577,-6.914,19.807066,20.33046,19.248854
6083779294599795584,201.56499394384,-46.99562900652,-3.443,-6.679,15.145116,15.619602,14.491674
6083779290271455360,201.57693866444,-46.99170208051,-3.292,-6.881,18.46672,18.836021,17.972565
6083779363319276928,201.56170709476,-46.98363296949,-3.001,-6.715,16.01347,16.475754,15.380838
6083779358990951680,201.55627725742,-46.98463403454,-3.532,-6.248,18.217093,18.54032,17.755081
6083779358990989440,201.57081977494,-46.97312981694,-3.504,-6.605,18.3817,18.704262,17.882496
6083779393350727296,201.58764737345,-46.97259531898,-3.598,-6.815,19.44604,19.881353,18.943327
6083779427710470656,201.6042013171,-46.97051377517,-2.899,-6.82,18.617842,18.976917,18.100573
6083779496429965312,201.59726477639,-46.96357373507,-2.943,-6.337,19.634012,20.033588,19.075642
6083779462070201728,201.57784184729,-46.97504467228,-3.104,-7.01,18.92572,19.28987,18.498901
6083779466365137536,201.59433036768,-46.96459616114,-2.965,-6.929,18.69795,18.973278,18.201761
6083779466398653056,201.5896713747,-46.96171014954,-3.546,-6.903,17.720448,18.036583,17.231066
6083779462070217728,201.57873367239,-46.96730634012,-3.385,-6.498,19.876923,20.38324,19.375341
6083779599509181568,201.54236727141,-46.9622513795,-3.056,-6.876,18.495031,18.86508,18.028738
6083779668228682112,201.56948756444,-46.95493960579,-3.18,-6.704,17.562061,17.872467,17.079659
6083779702588444928,201.59108671797,-46.94475630988,-3.24,-6.592,20.126717,20.799088,19.492569
6083779736948188032,201.57430674393,-46.94382683048,-3.574,-7.239,19.042303,19.305868,18.50718
6083779736948188160,201.57226487821,-46.94265703584,-3.497,-6.678,19.116333,19.465296,18.64013
6083779771307958144,201.5862144791,-46.93100495522,-3.002,-6.289,18.175146,18.568174,17.683687
6083779775638000896,201.59286225018,-46.92228235138,-2.841,-6.435,19.872742,20.348694,19.365044
6083779840027417984,201.64862424337,-46.93820460009,-3.632,-6.836,18.011253,18.368715,17.537378
6083779874387131008,201.61550236122,-46.94811912471,-3.06,-6.608,20.006372,20.51836,19.413492
6083779874387138176,201.61042807337,-46.94463955559,-3.467,-6.854,19.498835,19.991549,19.004631
6083779947400838656,201.65702131003,-46.92613586799,-3.423,-7.058,18.004976,18.270182,17.420113
6083779947434991616,201.65665470696,-46.92483013301,-3.389,-7.102,19.63348,20.039698,19.091648
6083779981761284096,201.67450010586,-46.91973916391,-3.656,-6.777,20.315506,20.730167,19.255054
6083780011826140416,201.65122326231,-46.92567812156,-3.239,-6.793,19.248547,19.61634,18.791222
6083780080545590400,201.60938944122,-46.93598487933,-3.444,-7.224,19.610489,19.952497,19.103933
6083780080545596544,201.61205110696,-46.93374228565,-3.387,-6.413,18.743961,19.081247,18.292225
6083780119199171712,201.62295977045,-46.91455453765,-3.168,-6.945,19.63264,20.063576,19.123152
6083780119233625344,201.62496404484,-46.91445228571,-3.135,-6.886,17.618868,17.954569,17.139315
6083780149265117312,201.60592003683,-46.91468222677,-2.991,-6.898,19.312435,19.79804,18.778074
6083780149265139456,201.61425066146,-46.90475514201,-2.955,-7.189,19.74815,20.198483,19.084269
6083780187953103104,201.62463636562,-46.89773467044,-2.732,-6.787,20.257868,20.73932,19.643625
6083780217984609152,201.64627389246,-46.90868761309,-3.126,-6.839,18.63877,19.015882,18.154274
6083780355423431808,201.71944471172,-46.96361604456,-3.48,-6.939,18.144543,18.57917,17.58409
6083780355423462528,201.71279856959,-46.95233696875,-3.035,-6.959,19.209251,19.545813,18.676867
6083780389783236736,201.73345150924,-46.94099997217,-2.899,-6.546,17.696268,18.027641,17.209824
6083780389783243648,201.7389774659,-46.93557964554,-2.885,-6.882,18.513561,18.845627,18.061287
6083780424143913984,201.71169047096,-46.94845048561,-3.422,-6.596,17.622179,17.966614,17.103222
6083780428471393152,201.71032595876,-46.94765517711,-2.767,-7.0,15.992198,16.415728,15.401313
6083780458502732928,201.7247710907,-46.92925360805,-2.848,-6.519,19.832367,20.329264,19.262976
6083780458502764160,201.74265908781,-46.9163171287,-3.209,-6.23,18.622314,18.906664,18.1683
6083780492862462720,201.75174764677,-46.93425112775,-3.453,-7.04,18.950785,19.289618,18.458054
6083780492862476672,201.76498973533,-46.92770603799,-3.655,-6.659,20.013308,20.692665,19.469566
6083780492862474624,201.76226042461,-46.92869597099,-3.156,-7.097,18.811419,19.119234,18.337233
6083780492862482304,201.75625721684,-46.92656492494,-3.658,-6.773,18.863947,19.217678,18.39482
6083780492862491392,201.75942593015,-46.92154353943,-3.286,-6.558,18.971485,19.388117,18.439758
6083780527222252928,201.78806600475,-46.91258010511,-2.914,-6.815,18.936981,19.233007,18.446535
6083780527222237696,201.77185142774,-46.9183878381,-3.186,-6.164,19.321428,19.568634,18.596502
6083780595941746048,201.77730694686,-46.90350580461,-3.492,-6.664,18.94651,19.316057,18.466928
6083780595941744128,201.76524840332,-46.90411534011,-3.41,-6.856,18.913122,19.228493,18.419538
6083780600235299712,201.77662429072,-46.90056575033,-3.497,-6.666,19.767738,20.184196,19.300257
6083780630301414656,201.70424119684,-46.93408707165,-3.635,-7.059,18.315535,18.6334,17.858723
6083780630301427328,201.70993212509,-46.92854036253,-3.02,-6.303,17.318302,17.673346,16.820786
6083780664661189376,201.72596999209,-46.91810727429,-3.064,-6.936,19.094439,19.468267,18.689901
6083780668956070016,201.7210554326,-46.91490132441,-3.261,-6.781,19.394714,19.776793,18.952457
6083780703315796992,201.6987005999,-46.92371799354,-3.056,-7.265,20.259668,20.913994,19.75533
6083780733380690944,201.72664528108,-46.907271675,-2.936,-6.723,17.653603,17.969763,17.174648
6083780737709041152,201.73072086781,-46.90212824227,-3.163,-6.844,20.095758,20.364616,19.507164
6083780737675551616,201.72687649793,-46.90159391673,-3.043,-6.702,17.460302,17.7892,16.957699
6083780767740445312,201.75608161145,-46.89949701786,-2.946,-6.705,19.555489,20.036007,19.00391
6083780767740444032,201.75350780694,-46.89954167625,-2.744,-6.962,19.283335,19.69333,18.685482
6083780802100196992,201.76887028198,-46.89297592673,-3.609,-6.933,18.132914,18.472902,17.650742
6083780802100201600,201.76211648465,-46.89035216,-3.239,-6.855,20.158129,20.592846,19.388851
6083780870819682176,201.75717468647,-46.88895752306,-2.987,-6.487,17.633202,17.96998,17.152807
6083780870819703168,201.76402904423,-46.8788271062,-3.458,-6.672,19.854832,20.322931,19.344997
6083781008258662144,201.8106909312,-46.87658991689,-3.117,-7.118,19.906816,20.364138,19.388245
6083781076978144512,201.85070771237,-46.87452599991,-3.473,-7.057,18.553102,18.84697,18.067186
6083781111337893376,201.8319186136,-46.86823631265,-3.468,-7.023,17.713894,18.101711,17.215117
6083781180057328128,201.78279699748,-46.88906217806,-3.288,-7.044,19.361155,19.78599,18.869078
6083781218710600320,201.8038036878,-46.86283095666,-3.597,-6.515,20.181925,20.611877,19.720808
6083781248776848512,201.77188409298,-46.86679921785,-3.697,-7.125,15.380164,15.845314,14.735475
6083781386215844864,201.81760748591,-46.84060972864,-3.521,-6.998,20.227999,20.48624,19.60198
6083781523654681728,201.6878410932,-46.9024317054,-3.058,-7.129,19.581036,20.024431,18.901955
6083781523654710400,201.68847821916,-46.88792501596,-3.407,-6.172,19.206469,19.579115,18.693138
6083781527982909312,201.69777030858,-46.88401704711,-3.254,-7.079,13.928541,14.444235,13.244972
6083781558014460288,201.70537152052,-46.88338408654,-3.342,-7.24,19.611334,20.060219,19.10522
6083781558014480000,201.71563319734,-46.873078637,-3.071,-6.802,18.609749,18.96641,18.103197
6083781558014483840,201.71675231908,-46.87083205403,-3.025,-7.156,18.389664,18.657446,17.931814
6083781592374202240,201.74108820833,-46.88206149424,-3.079,-7.166,18.960266,19.39065,18.47353
6083781592374203520,201.72698108373,-46.88142587961,-3.55,-6.687,18.163313,18.500696,17.716373
6083781764172915584,201.70766035548,-46.86970542894,-3.204,-7.086,19.592615,19.923738,19.105944
6083781802862567168,201.67902622358,-46.86818270034,-3.46,-6.832,19.026632,19.339115,18.53462
6083781798532658944,201.67733296226,-46.86611724036,-3.442,-6.841,18.400265,18.72941,17.924788
6083781901611912320,201.74610672646,-46.84492175962,-3.526,-6.805,18.259743,18.578884,17.752514
6083782112063804672,201.78132837673,-46.83563290392,-3.186,-6.189,19.581741,19.807463,18.928091
6083782112098426496,201.78425535396,-46.83395759788,-3.501,-6.902,18.360022,18.685064,17.904522
6083782245209360000,201.83082314366,-46.79975289256,-2.749,-6.437,19.603132,19.9436,19.139898
6083782283897118464,201.76749046788,-46.83360350685,-2.94,-6.839,20.195606,20.899277,19.59377
6083782313928810624,201.78743180092,-46.81891048146,-2.858,-6.91,18.60621,18.970957,18.135216
6083782417008050176,201.8034847769,-46.80118756227,-3.132,-6.926,18.083801,18.372568,17.602085
6083785268865964672,201.41512374423,-46.97753173923,-3.418,-6.441,19.614328,20.091444,19.090836
6083785337585406080,201.4627694219,-46.99078733424,-3.048,-6.202,16.923185,17.3685,16.18854
6083785406304919040,201.46674167984,-46.97812884126,-3.369,-6.983,18.541573,18.888681,18.018717
6083785440664657280,201.49626633606,-46.97849423228,-3.094,-6.737,18.55836,18.934301,18.065853
6083785440664669056,201.49409671654,-46.9753421178,-3.238,-7.088,19.540688,20.015808,19.024384
6083785444992969728,201.48287228239,-46.9763548992,-3.256,-6.929,16.902266,17.308401,16.305773
6083785479352710784,201.51698862823,-46.96631511858,-2.896,-6.557,17.460546,17.705532,16.859772
6083785578103588480,201.43601476771,-46.98492711817,-3.218,-7.037,19.632792,20.074108,19.158815
6083785578103614592,201.45286391144,-46.97636288965,-2.682,-6.796,19.015026,19.331688,18.502205
6083785582397489920,201.43232490783,-46.9796589182,-3.375,-6.754,18.086143,18.370626,17.54799
6083785646823123456,201.43299955478,-46.96511255965,-2.792,-6.592,17.976688,18.329159,17.4777
6083785646823137280,201.4399488246,-46.95897924869,-3.383,-6.48,19.926628,20.318787,19.342073
6083785681182891776,201.45476846192,-46.95375913106,-3.734,-6.962,19.083776,19.488003,18.59564
6083785715542640512,201.47617652802,-46.95143001686,-2.715,-6.838,17.910675,18.24835,17.43258
6083785788590362496,201.46956120247,-46.93628988312,-3.691,-6.911,17.119465,17.472372,16.567385
6083786024780232064,201.41581963596,-46.96935872734,-2.94,-6.608,19.583961,19.94793,19.175503
6083786024780240256,201.40743950151,-46.96603131033,-2.792,-6.948,18.471777,18.82549,18.027386
6083786024780251648,201.40751478905,-46.96171925564,-3.458,-6.186,20.116756,20.748629,19.587103
6083786230938707840,201.36682026634,-46.9515997419,-3.522,-6.969,19.433538,19.816296,18.87937
6083786265298416384,201.3770935577,-46.96303743692,-3.355,-6.519,18.251982,18.531187,17.78386
6083786303986523264,201.40339694051,-46.93424223942,-2.825,-6.486,20.310616,20.814955,19.700989
6083786334017947520,201.37835935079,-46.94222477263,-3.785,-6.51,18.1997,18.541119,17.743761
6083786407031217280,201.42669995315,-46.95681365364,-2.975,-6.734,20.464445,20.950424,20.028858
6083786402732014464,201.4200225535,-46.95573785655,-3.523,-6.727,19.907618,20.376696,19.381931
6083786437097161088,201.45235355231,-46.94434282507,-3.11,-7.007,18.822508,19.145723,18.33215
6083786437097169152,201.45676550555,-46.94054153413,-2.942,-7.139,19.182741,19.553095,18.659252
6083786437097164160,201.43831323587,-46.94234901449,-3.097,-6.801,19.756243,20.1613,19.231833
6083786505816663040,201.44531490783,-46.93387045265,-2.767,-6.402,18.71311,19.046791,18.244728
6083786540176407168,201.46094792504,-46.93153858498,-3.324,-6.328,19.840193,20.248363,19.27267
6083786681943564288,201.42527114107,-46.92159534145,-3.274,-7.092,17.388199,17.715132,16.886791
6083786711975153920,201.4450544825,-46.90809888339,-3.251,-6.791,18.943617,19.301386,18.491182
6083786780694642432,201.43069641187,-46.90215608487,-3.564,-6.498,20.163343,20.58047,19.636093
6083786815054387072,201.45501969341,-46.89979729231,-2.828,-7.111,18.977415,19.305553,18.500189
6083786815054393984,201.45819434448,-46.89581583684,-3.764,-6.52,18.292027,18.65748,17.775854
6083788773559427584,201.28364461148,-46.9172858799,-3.18,-6.349,19.38052,19.79705,18.865332
6083788979717889664,201.23371372596,-46.90271185704,-3.044,-6.549,19.225084,19.69207,18.686378
6083789082790545792,201.25652207575,-46.88615856247,-3.187,-6.801,20.054625,20.363583,19.456314
6083789151516460672,201.33269490173,-46.95351456958,-3.264,-6.182,18.861603,19.21621,18.32266
6083789151516457856,201.33707666738,-46.95479451027,-3.641,-6.411,19.64172,20.182587,19.089912
6083789185876222336,201.34976825967,-46.94859699075,-3.539,-7.106,19.72359,20.114353,19.180077
6083789190204316416,201.34926600478,-46.94403149071,-3.054,-7.016,18.335697,18.667942,17.826895
6083789185876241152,201.35867793237,-46.93775064365,-3.001,-6.644,18.296507,18.627752,17.806557
6083789220235980928,201.32662582709,-46.93652205154,-3.66,-6.309,19.362123,19.76117,18.862114
6083789293249235072,201.37808426081,-46.92925521013,-3.71,-6.617,20.606462,20.65691,19.9139
6083789323315223552,201.38274491583,-46.92719824022,-3.408,-6.46,19.48067,19.863253,18.947828
6083789327643421312,201.38740269938,-46.91052168869,-3.204,-6.769,18.175446,18.487078,17.707771
6083789357674980096,201.35981391962,-46.91880695942,-2.837,-6.529,19.137932,19.48392,18.604239
6083789392034765312,201.38119878781,-46.89785499837,-3.209,-6.821,18.128769,18.469776,17.642395
6083789460754204160,201.34049782984,-46.91442455206,-2.915,-6.846,18.76798,19.10218,18.29229
6083789495113923456,201.30751433669,-46.92186307664,-3.078,-6.592,19.472355,19.893063,19.002974
6083789769991909760,201.40376169742,-46.88665387029,-3.441,-6.562,19.355146,19.823542,18.861378
6083789980478456448,201.40403700438,-46.88133718769,-2.805,-6.622,15.120294,15.597314,14.478221
6083790152277156864,201.45337637933,-46.84356222199,-3.437,-7.18,14.576313,15.071232,13.910995
6083790285387965056,201.3241340462,-46.89557886543,-2.864,-6.812,17.731506,18.040045,17.27056
6083790319747718784,201.31522688067,-46.89049949841,-3.015,-6.222,19.022478,19.366095,18.597748
6083790319747721984,201.3005131604,-46.88560821953,-3.352,-6.574,19.175268,19.580366,18.696005
6083790427120355968,201.36818607297,-46.8626351301,-3.279,-6.773,18.814602,,
6083790525906161536,201.29836505728,-46.88102898471,-3.161,-6.759,18.231644,18.560051,17.77179
6083790525906157056,201.3031436589,-46.88342503397,-3.422,-7.135,18.434437,18.75558,17.978138
6083790564593860992,201.31030867153,-46.874517732,-3.357,-6.842,18.230024,18.65554,17.748611
6083790598953600384,201.28605576472,-46.86332250604,-3.428,-6.875,17.499788,17.819324,16.998314
6083790628985420928,201.31157918195,-46.85871253038,-3.055,-7.043,17.948887,18.262436,17.496181
6083790835143888512,201.40568999125,-46.83831783506,-2.819,-6.707,19.665365,20.108818,19.17613
6083790835143894784,201.40787110618,-46.83576473275,-2.693,-6.8,18.069836,18.333899,17.586176
6083790972582876800,201.43928524093,-46.81429583506,-3.351,-6.726,18.791557,19.174994,18.301903
6083791011270622720,201.41549189336,-46.81286558709,-2.738,-7.007,18.94853,19.336424,18.418444
6083791148674888832,201.37461561553,-46.81502665874,-2.917,-6.362,18.656183,,
6083791350539729664,201.53498049044,-46.95356187288,-3.392,-7.105,19.491903,19.87979,18.936602
6083791423587452416,201.52546902623,-46.94248948951,-3.291,-7.121,18.719667,19.069689,18.249714
6083791423552725888,201.52392926215,-46.94070974507,-2.979,-6.58,18.08674,18.399364,17.626816
6083791487978751872,201.5601334885,-46.92532245293,-3.028,-6.904,19.922783,20.452986,19.40228
6083791556698242944,201.55380522271,-46.91973052446,-3.362,-6.5,17.822376,18.147362,17.355852
6083791556698246656,201.56688248648,-46.91773236966,-3.626,-6.858,19.210674,19.59511,18.723358
6083791591058016128,201.58270281007,-46.90440310489,-3.403,-6.926,18.602116,18.946875,18.05176
6083791659777462912,201.52377559122,-46.91640951728,-3.424,-7.235,19.33018,19.695599,18.87408
6083791659777488384,201.54211946179,-46.90522496567,-3.605,-6.991,19.865517,20.403017,19.311508
6083791694137214720,201.51911804535,-46.91045231416,-3.008,-6.826,18.555893,18.880192,18.082857
6083791732825108096,201.52810998028,-46.90969872677,-3.431,-6.961,18.042816,18.356796,17.604843
6083791762856696704,201.54645567569,-46.9089282184,-3.29,-6.481,18.219162,18.554781,17.734276
6083791797216480768,201.57596675632,-46.88662052604,-3.032,-6.878,18.096794,18.4075,17.62781
6083791831576198912,201.54121347757,-46.89591623126,-3.288,-6.844,18.27392,18.61306,17.745308
6083791870264068736,201.57511805405,-46.87224674165,-3.024,-6.805,15.752039,16.191172,15.133358
6083791973343362176,201.59884095488,-46.89135415604,-2.798,-6.569,14.775348,14.85751,14.623441
6083792037734678144,201.63829360846,-46.87421081078,-2.898,-6.849,18.29375,18.62854,17.83017
6083792209533384576,201.60631958944,-46.8646404527,-3.408,-6.397,18.917656,19.242878,18.250515
6083792243893128064,201.58083278343,-46.86194720533,-3.031,-7.229,17.514692,17.872639,16.993032
6083792243893133824,201.58689453934,-46.85857464876,-2.78,-6.962,19.721825,20.14316,19.245522
6083792351300495488,201.64662961608,-46.83681739708,-3.457,-6.994,17.327675,17.653221,16.837618
6083792381332120320,201.62386690571,-46.8390299898,-3.407,-6.271,19.321291,19.75801,18.93418
6083792415691873920,201.64335792443,-46.82918438183,-2.995,-6.801,19.63314,19.999517,19.110104
6083792518770965760,201.50026745277,-46.89558754495,-3.261,-6.868,18.032446,18.331257,17.545195
6083792523064382464,201.48793102097,-46.8920345483,-3.144,-6.404,20.141008,20.555796,19.479021
6083792587490472320,201.53838955952,-46.88291787444,-3.112,-6.437,18.169119,18.490705,17.700386
6083792694863098880,201.55272216657,-46.84951648741,-3.05,-6.994,18.604748,18.895811,18.11231
6083792759289198592,201.51733580358,-46.86289597794,-2.871,-7.192,19.64724,20.08652,19.192247
6083792866696485120,201.53661686751,-46.85580478105,-3.004,-6.613,18.208317,18.516106,17.745113
6083792935415963008,201.51944509908,-46.85137084629,-3.39,-6.956,14.721841,15.209272,14.062656
6083792999807383552,201.57830230011,-46.85538125423,-3.179,-6.851,18.636045,18.9505,18.180414
6083793072854919040,201.5796312105,-46.84178326131,-3.257,-6.959,14.057074,14.565891,13.380017
6083793171606144512,201.63624497878,-46.8093909797,-3.134,-7.037,18.330257,18.60859,17.812061
6083793210293953920,201.62099422221,-46.81794744668,-3.383,-6.55,17.220531,17.58035,16.689556
6083793240325632896,201.62628895229,-46.80114212847,-2.934,-7.174,18.370546,18.71704,17.843767
6083793278978660992,201.57013018053,-46.8349511735,-3.603,-6.498,19.854704,20.201767,19.328808
6083793279013353728,201.57401006884,-46.82015279175,-2.886,-6.836,18.342999,18.689943,17.910164
6083793313373165440,201.58892023678,-46.81686053253,-3.382,-7.111,15.258839,15.715459,14.62245
6083793347732830848,201.5632019805,-46.81870195276,-3.474,-6.552,18.261919,18.582062,17.857279
6083793485137454208,201.60322163585,-46.78692175085,-3.623,-6.907,20.032331,20.377245,19.452831
6083793583922966528,201.69958817946,-46.83798684744,-3.538,-6.813,18.508997,18.845121,18.063465
6083793691330304640,201.71936149556,-46.81913998105,-3.151,-6.915,16.09009,16.55489,15.456726
6083793927520400768,201.67465202261,-46.80125156823,-3.601,-6.632,18.72088,19.07917,18.159044
6083793961880130944,201.70880025181,-46.80848701938,-3.125,-6.996,18.65924,19.012121,18.181974
6083793961880137344,201.70677073087,-46.80334854618,-3.144,-6.777,19.731323,20.089216,19.177097
6083794580346529152,201.76392179626,-46.75349165364,-3.296,-6.86,20.230713,20.819212,19.717497
6083794958312585344,201.66330278374,-46.77134150906,-2.97,-6.65,19.394262,19.858784,18.913237
6083795061382866432,201.68714839885,-46.75147774431,-3.013,-6.598,18.643333,18.95644,18.221724
6083795061391813504,201.6718267503,-46.75372631645,-3.147,-6.817,18.80483,19.099203,18.331678
6083795095742613888,201.69851260597,-46.73522481164,-3.464,-6.662,18.128122,18.44206,17.69898
6083795374923204480,201.78756830544,-46.72314681245,-3.039,-6.906,20.350365,20.975111,19.64912
6083795404980270080,201.74981961511,-46.7198514004,-3.692,-6.655,19.484241,19.834805,18.961294
6083795649801122560,201.7798208764,-46.69151386356,-3.285,-6.87,20.509054,20.759518,19.649958
6083796126543648768,201.48378784333,-46.8036664921,-3.055,-6.768,18.242939,18.537779,17.783909
6083796160903391104,201.51005335662,-46.80138661781,-3.396,-7.185,18.695248,19.056702,18.236864
6083796573220280832,201.54721485685,-46.77721913188,-3.667,-6.971,19.076294,19.454433,18.594746
6083796951177408768,201.47674431897,-46.769654331,-3.207,-7.044,19.382988,19.808176,18.871683
6083797019896882048,201.51572972899,-46.77401655057,-3.41,-7.201,17.552156,17.8843,17.088537
6083797024190469888,201.51314759125,-46.77410132091,-3.119,-7.053,20.274603,20.373882,19.84173
6083797088616375296,201.51104727681,-46.75522664322,-3.284,-6.576,18.331575,18.631224,17.854332
6083797157335848320,201.46803308411,-46.76047146755,-3.548,-7.052,19.040455,19.348007,18.549688
6083797432213763072,201.54210352111,-46.74788770372,-3.217,-6.334,19.490854,19.980974,18.908386
6083797844521707264,201.57083516353,-46.70045162067,-3.8,-6.785,19.994152,20.245916,19.39937
6083798261175513600,201.64801334362,-46.71825167013,-3.447,-6.777,18.826403,19.110487,18.356659
6083798359917783808,201.65372768861,-46.70107166429,-3.834,-6.749,19.263277,20.170721,18.431288
6083798432974206848,201.64446207857,-46.70459391177,-3.795,-6.799,18.36452,18.691103,17.929943
6083799979128160000,201.68714157847,-46.59832377325,-3.069,-7.045,20.247702,20.70064,19.678112
6083800077904658816,201.70592840302,-46.59550957353,-3.034,-6.801,20.459572,21.063246,19.856571
6084104578208510336,202.05899932922,-46.95335061156,-3.61,-6.988,18.82053,19.787603,17.662643
6084104573909804672,202.05668668453,-46.95152521467,-3.127,-6.909,20.182768,20.490728,19.641773
6084104646927990656,202.05851110004,-46.94882009035,-3.128,-7.006,17.197924,17.582834,16.649906
6084104745709087872,201.95814149639,-46.98692820456,-3.224,-7.1,17.92099,18.268896,17.478493
6084104750000204160,201.96401695486,-46.982195765,-3.418,-7.152,18.979778,19.330574,18.4705
6084104750003819776,201.96513630721,-46.98082864599,-3.328,-6.53,20.691553,21.596066,20.009937
6084104784366911232,201.93103536568,-46.98965428189,-2.777,-6.841,16.276617,16.785908,15.619282
6084104814428611072,201.96017784816,-46.96723394317,-3.308,-6.807,19.720951,20.078907,19.163967
6084104887446150656,201.99970913072,-46.96009837624,-3.239,-7.125,15.734077,16.182936,15.102616
6084104956158701696,201.99284508081,-46.94765426495,-3.393,-6.682,18.514803,18.873346,18.00546
6084104986227281280,201.92998923333,-46.97705698502,-3.407,-6.826,18.501326,18.86236,17.994617
6084105020587047168,201.95568180257,-46.96480570781,-3.235,-6.519,19.211582,19.627438,18.687513
6084105024878145792,201.94380201042,-46.96529681341,-3.475,-7.05,19.153807,,
6084105054946769664,201.92010276563,-46.97050638556,-2.766,-6.655,20.317299,20.778708,19.792393
6084105054946781056,201.93403305012,-46.96679332682,-3.236,-6.711,17.27421,17.709055,16.681265
6084105089306531840,201.93813906508,-46.96070902824,-3.469,-6.367,19.59981,19.990648,19.189472
6084105089306538496,201.94267000937,-46.95787438165,-3.231,-6.642,18.824114,19.21734,18.237312
6084105089306558208,201.94778546584,-46.94858946889,-3.154,-6.585,19.899685,20.504248,19.318853
6084105123666291200,201.95713495308,-46.9520961713,-3.382,-6.277,19.097664,19.51317,18.609043
6084105123666307712,201.97098051484,-46.94298485556,-3.541,-6.713,19.02579,19.409369,18.509535
6084105192385781632,201.96409066233,-46.94414646631,-3.391,-6.965,19.539751,19.980879,19.009907
6084105226745534720,201.97268005657,-46.93588834331,-3.121,-6.799,17.929163,18.331753,17.422937
6084105226745554432,201.98600112581,-46.92810594898,-3.34,-7.135,18.488905,18.86036,18.008871
6084105231043557120,201.9747204169,-46.92886529538,-2.965,-6.929,14.284993,14.601437,13.777531
6084105265403275008,202.01589893189,-46.95791932646,-3.559,-6.784,17.144947,17.545815,16.576456
6084105261105236224,202.00982803251,-46.95643624975,-2.716,-6.804,18.433905,18.768719,17.955248
6084105261105247104,202.00893411375,-46.952916109,-3.24,-6.693,16.551098,17.005259,15.936332
6084105364184484480,202.02443375408,-46.93903425172,-3.468,-6.515,19.053905,19.469778,18.566393
6084105467263734016,202.04731365197,-46.9208473224,-3.277,-7.268,18.731453,19.038458,18.180552
6084105467263746304,202.04287800124,-46.91186742419,-2.942,-7.039,19.064444,19.427555,18.555243
6084105501623493248,202.0610516478,-46.90699016087,-3.341,-7.135,19.054007,19.363548,18.408741
6084105570342941568,202.02041526246,-46.92514198134,-3.364,-7.277,17.980034,18.30668,17.518902
6084105570342970752,202.03029571174,-46.90531278347,-3.09,-6.923,18.249447,18.568062,17.77037
6084105639062450944,202.01634579893,-46.9032932525,-3.292,-6.71,18.17382,18.495287,17.722897
6084105677720176640,202.03820234326,-46.90072431011,-3.737,-6.592,19.516838,20.01696,19.002766
6084105712073044736,202.0583185111,-46.89612384138,-3.26,-6.883,18.553719,18.837831,18.074759
6084105707781940736,202.06327803557,-46.89597358862,-2.84,-7.105,18.550924,18.868458,18.119207
6084105707781942144,202.05476496506,-46.89459806675,-3.393,-6.895,19.403393,19.714445,18.842285
6084105707781946880,202.05030438342,-46.89060906239,-3.455,-7.139,18.956053,19.339468,18.38225
6084105742141684352,202.03450268896,-46.89100898757,-3.041,-6.415,19.78036,20.326342,19.128313
6084106051379319424,202.17188977105,-46.89983368259,-3.382,-6.741,19.286062,19.630852,18.830156
6084106085739014528,202.11026018503,-46.92802783768,-3.174,-6.587,19.7029,20.104513,19.104628
6084106120098773376,202.12772341806,-46.91421064279,-2.88,-6.765,19.388721,19.74416,18.833601
6084106120098785664,202.12604184471,-46.90602018235,-3.424,-6.881,19.188423,19.520847,18.638744
6084106223178011520,202.13961444059,-46.900413153,-3.336,-6.694,15.674767,16.14621,15.033092
6084106296188614656,202.13727523753,-46.88666078857,-3.008,-6.67,20.433847,21.102108,19.352747
6084106291897511296,202.14004860894,-46.88234153213,-3.34,-6.946,17.943678,18.2424,17.505945
6084106429336452224,202.17862830391,-46.89330035325,-3.203,-6.749,18.994242,19.369387,18.4676
6084106635494890496,202.17381763626,-46.88671777226,-3.271,-6.88,18.812986,19.17918,18.344255
6084106876010075520,202.21840399386,-46.83971189171,-3.201,-6.796,19.770239,20.337551,19.227037
6084106910372770432,202.0905536492,-46.90430762904,-3.511,-6.609,18.446953,18.770992,17.945217
6084106944732531456,202.10175144104,-46.88881736888,-3.265,-7.189,19.320946,19.663815,18.805233
6084107017743125760,202.10377925472,-46.88345738427,-3.079,-6.659,20.430105,,
6084107120822370816,202.12728100769,-46.86885597977,-3.319,-6.922,19.993391,20.271366,19.336668
6084107253970200320,202.06523119273,-46.86740275097,-3.293,-6.724,18.301277,18.599827,17.822693
6084107258268176384,202.08042572214,-46.85869210584,-3.047,-6.22,19.024883,19.320063,18.503185
6084107769363320320,202.17732627447,-46.82083167739,-3.491,-7.243,19.601002,19.982279,18.98769
6084107872442586112,202.20106611074,-46.80476645747,-3.037,-7.07,17.478838,17.826395,16.970633
6084112755826344192,202.23697843404,-46.82486782933,-2.969,-7.157,17.517092,17.82986,17.0448
6084112820244906112,202.29038856934,-46.80725411858,-3.423,-6.987,18.824797,19.1452,18.274494
6084112858898824704,202.29698017576,-46.79071004245,-3.019,-6.707,19.753283,20.007267,19.03657
6084112923324199168,202.29124541131,-46.78343772498,-2.714,-6.606,19.470587,19.88062,19.059261
6084113232561845888,202.31558989716,-46.78300399789,-3.248,-7.052,19.495922,19.945219,19.00054
6084113232561856768,202.31860160649,-46.78020551431,-2.992,-6.605,19.46642,19.841782,18.997156
6084113507439695744,202.23693926368,-46.79973440621,-3.291,-7.154,19.273163,19.681705,18.811182
6084114160274936960,202.31979144723,-46.73708904001,-3.418,-6.186,18.113537,18.724163,17.379524
6084114366433429632,202.30715836813,-46.71936155282,-2.864,-6.598,18.940052,19.309721,18.491405
6084151990349402112,201.91437190372,-46.96155953568,-3.139,-6.693,19.129961,19.42598,18.643744
6084151990349412224,201.91015077945,-46.95728668278,-3.136,-6.673,18.322754,18.628809,17.833588
6084152029007204992,201.93911503568,-46.94030066222,-3.485,-6.768,17.80076,18.141537,17.28238
6084152093428673280,201.92370968918,-46.93294707683,-3.582,-7.065,18.299267,18.611265,17.838478
6084152162148193792,201.97915033976,-46.90762593875,-3.47,-6.45,18.58783,18.890844,18.116426
6084152265227366784,201.91107530885,-46.93207472875,-3.458,-6.966,19.721453,20.103985,19.258024
6084152265227375488,201.90488276064,-46.92813418488,-3.328,-6.635,18.792189,19.153002,18.30462
6084152368306629120,201.9213274531,-46.90274952057,-3.692,-6.588,19.794966,20.162655,19.181665
6084152368306628352,201.91880253566,-46.90372625649,-3.263,-6.672,18.510567,18.830626,18.033342
6084152406957471360,201.93537906139,-46.90388824745,-3.582,-6.299,19.863182,20.55,19.517908
6084152574465087744,202.01095201512,-46.88510924754,-2.683,-6.59,19.69593,20.148624,19.232779
6084152608824815488,201.97594892947,-46.89313510069,-3.66,-6.5,17.904703,18.249514,17.400108
6084152608824832640,201.99320291903,-46.87944539834,-2.96,-6.66,18.646107,18.978306,18.155373
6084152814983271808,201.98332525013,-46.87108584844,-2.968,-6.392,18.05908,18.400438,17.534176
6084152883702755968,201.9753417316,-46.86365157044,-3.347,-6.543,18.78474,19.113148,18.331476
6084152918062507520,201.99263718517,-46.8506797211,-3.151,-6.358,19.488909,19.864124,18.96337
6084152986781995008,202.03908275347,-46.83718297293,-3.637,-6.841,18.513954,18.828176,18.016932
6084153158580620416,201.88117885438,-46.89691571213,-3.124,-6.986,18.740082,19.022518,18.269758
6084153158580632576,201.8927327267,-46.88899790146,-3.158,-6.526,17.904196,18.267786,17.420366
6084153296019615360,201.93730916038,-46.86422682626,-3.208,-6.626,18.416115,18.759665,17.910439
6084153296019622144,201.93150959244,-46.85841089055,-3.034,-7.028,18.760363,19.03094,18.292162
6084153330379364224,201.95103487992,-46.85400654359,-2.947,-6.668,18.589006,18.992645,18.125076
6084153364739075200,201.88438676886,-46.87877016908,-3.059,-6.907,18.069159,18.42239,17.60095
6084153364739076352,201.87774068494,-46.8778281862,-2.967,-6.888,19.84162,20.17764,19.282192
6084153399098815360,201.89550547844,-46.87805490249,-3.135,-6.546,19.21595,19.6526,18.749619
6084153467818316672,201.889473738,-46.85434855893,-3.455,-7.158,19.506126,19.969887,18.988598
6084153536539569280,201.94384623695,-46.83773518373,-3.207,-7.047,18.953045,19.333656,18.442299
6084153570897541504,201.91821673038,-46.84253118732,-3.122,-7.021,18.721245,19.08206,18.256897
6084153639617001344,201.96159711216,-46.86233936937,-2.795,-6.454,19.251678,19.714249,18.70254
6084153639617014272,201.97457234666,-46.84732313683,-3.712,-6.785,19.781284,20.227745,19.268436
6084153777052971392,202.01084626263,-46.82705773642,-2.981,-6.328,19.139977,19.470129,18.618383
6084153987512392064,201.95568181146,-46.81335348935,-2.906,-6.781,18.257994,18.555548,17.749973
6084154017571177472,201.96307214914,-46.81266518325,-2.98,-6.38,19.453478,19.766762,18.898666
6084154120650430464,201.9881065616,-46.80122807906,-3.29,-6.754,18.413477,18.699614,17.9202
6084154159304361600,202.00714588789,-46.77717851917,-3.528,-6.898,19.470179,20.313204,18.508556
6084154193663958272,202.0594248455,-46.8558207934,-3.301,-6.93,17.627058,,
6084154258092306304,202.05448137643,-46.84699633916,-3.205,-6.672,18.247911,18.59767,17.796957
6084154262390278144,202.0671521306,-46.84242867875,-3.056,-6.361,15.437651,15.814882,14.893136
6084154262383468416,202.05236593059,-46.84000996527,-3.465,-7.197,19.692919,20.155916,19.251022
6084154296750029568,202.08060149988,-46.82564132163,-2.931,-6.67,19.441221,19.853731,18.88626
6084154464247730048,202.06269090557,-46.83148825968,-2.87,-7.11,20.026257,20.549883,19.571842
6084154498607517952,202.07781900473,-46.81329184318,-2.999,-6.961,19.092676,19.481897,18.625751
6084154571627948288,202.07106613332,-46.8102461088,-3.089,-7.168,18.045883,18.326145,17.574833
6084154601686736128,202.09014527866,-46.81223609885,-3.0,-7.093,20.03513,20.466803,19.577406
6084154605982186624,202.08624106868,-46.80408233764,-2.946,-7.032,20.239592,20.692593,19.563278
6084155185802500224,202.18612117774,-46.74958289813,-2.92,-6.679,18.83786,19.151638,18.363941
6084155499340915072,202.07350800469,-46.77243125851,-3.366,-6.933,15.522109,15.962222,14.856936
6084155568053611136,202.0269773832,-46.79116218173,-3.071,-7.248,18.92612,19.349667,18.432558
6084155563759492736,202.0316392602,-46.78589053855,-3.772,-6.95,19.483673,20.117395,18.940332
6084155636773140992,202.03286028663,-46.76393018237,-3.429,-7.298,19.094702,19.449139,18.584036
6084155980377288192,202.14842599657,-46.72716320241,-3.726,-6.987,19.040926,,
6084156388396083584,201.87917674907,-46.84647851051,-3.191,-6.734,19.052137,19.366476,18.585546
6084156427046953344,201.88555541952,-46.85300617974,-3.486,-6.866,19.179165,19.32829,18.552124
6084156422755822592,201.88243507732,-46.84552179088,-3.141,-6.298,20.44147,20.759338,19.918472
6084156427050385536,201.89037959392,-46.83812792585,-3.223,-7.157,20.364172,21.046947,19.432928
6084156525835049728,201.9165758905,-46.82786523053,-3.334,-6.776,17.420332,17.747507,16.901127
6084156663273999104,201.85436713176,-46.83565831707,-3.25,-6.782,19.485188,19.93234,18.977604
6084157075587965184,201.9763344956,-46.79135504548,-3.22,-6.728,17.989016,18.31724,17.509645
6084157075587979776,201.97350301604,-46.78696999289,-3.019,-6.964,17.289934,17.63424,16.738188
6084157148604988928,201.97256404676,-46.77320319449,-3.626,-6.627,20.449575,20.78029,19.934036
6084157316106224384,201.93802849806,-46.7627053242,-2.822,-6.823,19.20388,19.616507,18.628336
6084157453545279232,201.97865613322,-46.73232164064,-2.998,-6.376,19.839571,20.204048,19.182217
6084157625343782144,201.88321263835,-46.78833508019,-3.156,-6.665,19.628677,20.004387,19.132004
6084157973242101760,201.87281873418,-46.74014182281,-3.141,-6.856,18.279251,18.602911,17.82254
6084158346898487552,201.92309492802,-46.72887840353,-3.555,-7.1,20.079136,20.524254,19.559925
6084159034093384832,202.06124485831,-46.69403016678,-3.44,-6.281,19.638218,20.202188,18.965858
6084159343331113728,202.12356029371,-46.67174710361,-3.464,-7.171,20.1378,20.627472,19.50419
6084159893086882176,202.01998049112,-46.68193749066,-2.98,-6.801,18.75712,19.081518,18.31292
6084160722015755136,202.09537654768,-46.58826118483,-3.703,-6.365,20.243282,20.90664,19.679804
6084161164397136896,202.22049026284,-46.7040264435,-3.064,-6.693,19.081457,19.466343,18.59725
6084161370555614592,202.31321809165,-46.69096601389,-3.497,-6.623,19.206478,19.842436,18.390472
6084161885951629952,202.18243766959,-46.7069074392,-3.301,-6.744,18.11354,18.416525,17.642029
6084162126469980928,202.24900751621,-46.65661054724,-3.641,-6.777,18.667736,19.081465,18.152122
6084162440008156544,202.27401885294,-46.65842116074,-3.805,-6.739,17.834875,17.987093,16.996054
6084162470067398912,202.2744631418,-46.64632549456,-3.012,-6.608,18.279402,18.608532,17.819235
6084162543080780160,202.27068448774,-46.64325966913,-3.037,-6.902,20.190498,20.930223,19.355474
6084162817958754944,202.26533025435,-46.61311380248,-3.061,-6.407,19.548553,19.924648,19.05359
6084163466499977728,202.37368034793,-46.60125990099,-3.655,-6.41,19.884972,20.357841,19.388361
6084165291859897472,202.18370027996,-46.62287348431,-3.349,-6.51,19.456873,20.66119,17.923134
6084165631163496192,202.208293046,-46.59884499524,-3.045,-6.724,19.27066,19.634827,18.803436
6084166696315498496,202.16033683624,-46.565449478,-2.996,-7.124,19.038204,19.72167,18.337612
6084167628323853184,202.36538801618,-46.49922980647,-3.175,-6.983,20.7272,21.391321,19.796227
6084168792259842432,202.28869546978,-46.47419480051,-3.452,-6.78,18.969563,19.292658,18.482168
6084168830919643264,202.26739547718,-46.46847012342,-3.448,-6.307,15.529334,16.02285,14.867466
6084169964784143616,201.83252168169,-46.70436028427,-3.329,-6.931,18.949738,,
6084170170944292096,201.91682242991,-46.69935317747,-3.207,-6.871,20.221888,20.869991,19.82243
6084170269727822464,201.92943124847,-46.69387809996,-3.018,-6.812,19.540848,19.842955,19.037003
6084170961218239488,201.78972269201,-46.68895101937,-3.033,-6.243,20.352043,20.768406,19.530436
6084171064302487296,201.80472322242,-46.65345722633,-3.108,-7.103,15.683503,16.118986,15.05846
6084171128721478528,201.84888145651,-46.63716385281,-2.95,-6.563,18.856142,19.185509,18.377384
6084171609757934848,201.88441947657,-46.60474524917,-3.108,-7.193,19.567814,20.002607,19.10187
6084172988447892736,201.96561407863,-46.58563514092,-2.836,-6.35,16.587019,17.038738,15.963651
6084173087226820352,201.98098525023,-46.56708257618,-2.999,-6.928,18.556965,18.863577,18.058897
6084173362104765952,201.96081158174,-46.55563365655,-3.279,-7.161,19.22439,19.585281,18.75772
6084173671342574464,202.06493352794,-46.50727837113,-3.142,-6.727,19.705952,20.05773,19.107325
6084173808781543296,202.02847853792,-46.50285534956,-3.118,-6.504,17.768253,18.101772,17.257872
6084174255457657472,201.76825963243,-46.63946657369,-3.501,-6.4,17.40481,17.85545,16.815008
6084174736494255872,201.8807919156,-46.56714651307,-3.366,-6.777,17.947718,18.266005,17.47238
6084175286250042752,201.77656268991,-46.5722612959,-3.266,-6.318,20.585152,21.051441,19.923504
6084175354969484160,201.73631602696,-46.58186204657,-3.634,-7.183,17.991077,18.302755,17.50008
6084177416554087552,201.93275250461,-46.49618655855,-2.958,-6.515,19.438974,20.628544,18.354969
6084178829603494272,202.16427091431,-46.48825635401,-2.75,-6.876,15.04304,15.434081,14.476172
6084179138842248704,202.2169377973,-46.47407210151,-3.025,-6.987,20.288193,20.627474,19.622307
6084179787376122752,202.10848089825,-46.4709282584,-3.208,-6.793,19.341936,19.970718,18.64036
6084180066554097024,202.18647262628,-46.45613016825,-3.542,-6.892,17.326439,17.636856,16.857815
6084184151063142912,202.0380550688,-46.38008225395,-3.309,-7.226,17.83262,18.121765,17.332502
6084184322861916672,202.09152068009,-46.34894610176,-3.276,-6.254,17.902252,18.34935,17.342524
6086791402371246848,201.22973095722,-46.88388283595,-3.049,-7.146,18.44686,18.817217,17.937973
6086791647180850048,201.19606707254,-46.8791487439,-3.558,-6.757,17.760983,18.067488,17.308138
6086791883407675264,201.24180254572,-46.83671061053,-3.281,-6.79,18.061932,18.358204,17.585222
6086792368736801408,201.1618219968,-46.83899847007,-2.981,-6.42,19.873976,20.268543,19.260277
6086792437454909056,201.14282815248,-46.83315925553,-2.751,-6.874,18.442198,18.621393,17.907871
6086792570602446208,201.20270833048,-46.83404930718,-3.23,-7.073,19.737457,20.691767,18.741512
6086792742401128576,201.17039172111,-46.83821953187,-3.504,-6.716,18.736084,19.032085,18.284094
6086792879840166912,201.22424502477,-46.8023965183,-2.757,-6.767,18.569754,18.921024,18.09074
6086793189077767168,201.34206260735,-46.82524506435,-3.019,-6.701,18.933699,19.234604,18.389122
6086793395236238208,201.28335045507,-46.80494969381,-3.373,-6.851,19.4403,19.971498,18.849014
6086793532675280640,201.32661157906,-46.77178543613,-3.416,-7.083,19.11262,19.389702,18.66846
6086794254229751936,201.29328397676,-46.78434319443,-2.781,-6.97,18.409746,18.647852,17.904663
6086794563467481856,201.31050092353,-46.747562534,-2.972,-7.062,18.98838,19.348438,18.508419
6086795770349593728,201.16630008586,-46.79766427454,-2.981,-6.367,18.708578,19.03691,18.209215
6086796491910268032,201.12542973794,-46.77049760576,-3.402,-6.559,18.078712,18.38886,17.644903
6086797415325741184,201.23011559443,-46.75591716775,-3.435,-6.379,18.86459,19.269272,18.432127
6086797660141435776,201.29954170811,-46.70573324493,-3.607,-6.837,14.876029,14.941925,14.762682
6086797969379078400,201.31762127715,-46.70962615008,-3.412,-6.315,20.15978,20.71553,19.682568
6086798239962496512,201.29558409248,-46.68057999998,-3.779,-6.595,18.911161,19.555569,18.20845
6086798343035146496,201.31284006077,-46.6606566157,-3.83,-6.72,18.554132,18.92083,18.101227
6086798411754643456,201.35759951315,-46.64463315204,-3.237,-6.552,19.376644,19.732754,18.849882
6086799648708793600,201.45426810526,-46.73688588666,-3.596,-6.86,16.877796,17.304169,16.290974
6086799717428290048,201.45092505644,-46.72813947113,-3.525,-6.9,18.867237,19.238184,18.40296
6086800065321408000,201.48276761602,-46.68630563911,-2.791,-7.122,20.098873,20.323498,19.63422
6086800267180485504,201.52077734519,-46.67518661137,-3.217,-6.995,18.02809,18.309004,17.574907
6086801199192771584,201.42777392654,-46.6427146672,-3.539,-6.745,20.57562,21.233122,19.68791
6086801882088225408,201.58827354696,-46.64418803284,-3.271,-7.009,19.574701,19.978683,19.044828
6086801916447979648,201.58684503728,-46.63317140562,-3.685,-7.033,17.054663,17.443487,16.517326
6086803153398712960,201.60915727465,-46.56132608664,-3.01,-6.822,20.405245,20.856567,19.875347
6086804051051043584,201.40321557634,-46.65497408834,-3.287,-6.969,20.65508,21.519785,20.005453
6086804149830963200,201.42082227352,-46.63633732455,-3.392,-7.059,18.292883,18.58207,17.825003
6086804463370587520,201.42493256581,-46.60219584279,-3.222,-7.165,20.542208,21.044102,19.807188
6086805283702468480,201.41999770107,-46.56822798514,-2.99,-6.552,19.147633,19.57707,18.627632
6086805318062198016,201.40115515269,-46.57005051046,-3.146,-6.814,19.497189,19.88136,19.026146
6086805421141407360,201.37442248551,-46.57342043363,-3.536,-7.029,17.592943,17.913343,17.144089
6086805696019397248,201.45458378441,-46.54183995349,-2.981,-7.261,18.960188,19.372288,18.524164
6086806146997428864,201.46653612756,-46.49200683634,-3.126,-6.471,16.426075,16.916054,15.765136
6086808174222350080,201.60194359383,-46.41761013686,-2.98,-6.951,17.373642,17.709711,16.868639
6086808788399249152,201.05018925473,-46.70843921003,-2.818,-6.955,17.96,18.23593,17.497519
6086809101928291072,201.16192935586,-46.67957563431,-3.052,-7.005,19.932867,20.341461,19.420254
6086809273733036672,201.12996068119,-46.67000808688,-3.064,-6.907,14.884254,14.944246,14.778703
6086810235805766400,201.15214118266,-46.61740168039,-2.677,-6.818,19.629644,20.20375,19.148222
6086810712540997120,201.21281433029,-46.62794360286,-3.179,-6.472,18.7245,19.038763,18.155554
6086811021778684800,201.22301143936,-46.60350906995,-3.455,-6.613,18.948647,19.285007,18.439112
6086811060439516160,201.24525055576,-46.59060620617,-3.016,-6.833,17.48705,17.864655,16.939426
6086811507112410112,201.25333866084,-46.56293716186,-3.294,-6.691,20.54005,21.688747,19.411
6086812155650193920,201.21703798634,-46.54195852377,-3.41,-6.562,19.683445,20.130894,19.13722
6086812396168372096,201.27491685677,-46.5399046812,-3.732,-6.648,18.753046,19.166553,18.248869
6086812464887904256,201.26708358448,-46.52174331967,-3.295,-6.635,19.421307,19.639402,18.898376
6086812499247663104,201.28948433793,-46.51465213377,-2.952,-6.834,17.312744,17.63404,16.808489
6086812537908326016,201.23191776947,-46.52924976862,-2.866,-6.728,17.960161,,
6086812739765883904,201.25759163609,-46.49819224473,-3.465,-6.734,18.366259,18.699814,17.934826
6086813358240893056,201.07524099304,-46.60072087965,-3.119,-6.876,18.683092,19.00962,18.21729
6086814904429395200,201.09545251711,-46.49656183246,-3.083,-6.46,18.063078,18.362808,17.635595
6086815454185201408,201.19732364178,-46.50106962587,-3.215,-6.863,19.1474,19.544268,18.674599
6086815522904737024,201.19207750791,-46.48236436565,-3.154,-6.892,18.278143,18.916834,17.474731
6086815625983897472,201.21688242605,-46.50017874805,-3.311,-6.808,19.423632,19.879198,18.902924
6086816072660694528,201.26901826869,-46.43867784406,-3.052,-6.838,18.531256,18.862831,18.092571
6086816141379943808,201.14127452761,-46.50753526486,-3.33,-6.937,17.746943,18.051193,17.311567
6086817554430130688,201.32189175217,-46.5279959764,-3.257,-6.478,19.04952,19.338938,18.569971
6086817790647437568,201.43253196852,-46.4971376732,-3.283,-6.661,19.463377,19.766064,18.974504
6086818344700414208,201.33833995743,-46.49870190706,-3.065,-6.508,20.52909,20.763552,19.608562
6086818516503891712,201.34297722789,-46.47139469425,-3.023,-6.633,19.084263,19.363304,18.60065
6086818890159207424,201.41123784599,-46.45135965766,-2.896,-6.911,18.809074,19.12377,18.334831
6086821299642779904,201.58303363083,-46.31815334859,-3.63,-7.103,18.445038,18.798235,17.920805
6086861427515104000,201.00456262579,-46.50709012539,-3.394,-6.687,19.139486,19.884922,18.388393
6086863351660789760,201.03965901766,-46.3991500611,-2.859,-7.025,19.86021,20.371159,18.804087
6086863282941337088,201.05503979628,-46.39109654554,-3.065,-6.785,18.248812,18.523512,17.807497
6086863901415512832,201.13473752645,-46.39662323041,-2.914,-6.781,20.40697,20.89518,19.617817
6086868574341380608,201.19034394122,-46.26167108183,-3.378,-6.557,18.359774,18.629417,17.924932
6086868578637948160,201.17562003755,-46.2655376016,-3.644,-7.175,20.35165,21.076027,19.182894
6086868853514066176,201.17001237614,-46.24733029281,-3.508,-7.181,17.642742,18.038343,17.117113
6086869570773821952,201.1439143503,-46.24657991468,-3.061,-6.674,19.354267,19.94439,18.77823
6086871705378013696,201.29880013003,-46.25824496146,-2.995,-6.3,16.492147,17.254753,15.534988
6086872186414622208,201.39523756072,-46.26962759266,-3.669,-6.708,19.036125,19.591576,18.330706
6086872804884659328,201.46995492388,-46.19340320845,-3.239,-6.963,19.80061,20.228987,19.20289
6086873251566536832,201.51398492759,-46.1300651453,-3.205,-6.74,19.013483,18.496016,17.583544
6086874007480781056,201.51337430454,-46.12957184894,-3.19,-6.688,14.712647,15.005566,14.250315
6086876270923054720,201.29811163173,-46.12175259416,-3.41,-7.003,18.3577,18.67036,17.9001
6086876447021983232,201.28296116886,-46.11995384264,-3.173,-7.112,17.325823,17.733116,16.74606
6087178915798041344,201.84199255164,-46.42856902955,-3.474,-7.158,17.487753,17.811079,17.027784
6087179392537807488,201.7419659499,-46.45459075997,-2.753,-6.562,19.921797,20.553482,18.802061
6087182450551917824,201.71545371751,-46.42633925535,-3.319,-7.011,18.909538,19.291807,18.487217
6087182828509068288,201.78115055183,-46.39402230225,-3.519,-6.692,18.279846,18.5968,17.795925
6087187265214492928,202.09540252133,-46.29337730289,-3.083,-6.961,18.863329,19.233973,18.357521
6087193037650596736,202.0079880201,-46.13389863092,-3.394,-6.828,20.196493,20.8515,19.587772
6087198256031885440,201.85223144916,-46.19689673569,-3.059,-7.209,17.501575,17.885195,16.959356
6087199527341226112,201.88486306877,-46.10815215713,-3.255,-7.034,20.421518,20.985388,19.553932
6087200253196424192,201.62418858885,-46.21441762528,-3.433,-7.232,19.31325,19.677773,18.753088
6087201107890201856,201.62602814442,-46.17666753443,-2.969,-6.772,19.312384,19.776747,18.850275
